url,url_mobile,title,seendate,socialimage,domain,language,sourcecountry
https://www.newindianexpress.com/explainers/2026/Aug/24/fcra-bill-2026-what-does-it-change-and-what-are-the-concerns,https://www.newindianexpress.com/amp/story/explainers/2026/Aug/24/fcra-bill-2026-what-does-it-change-and-what-are-the-concerns,FCRA Bill 2026 What does it change and what are the concerns ? ,20260824T153000Z,https://cf-images.assettype.com/newindianexpress%2F2026-08-07%2Ftfdsome3%2FANI_20260807111438.jpg?&ar=40%3A21&auto=format%2Ccompress&ogImage=true&mode=crop&enlarge=true&overlay=false&overlay_position=bottom&overlay_width=100,newindianexpress.com,English,India
https://timesofindia.indiatimes.com/india/fields-of-work-by-foreign-funded-ngos-outlined-proselytisation-excluded/articleshow/131952474.cms,https://timesofindia.indiatimes.com/india/fields-of-work-by-foreign-funded-ngos-outlined-proselytisation-excluded/amp_articleshow/131952474.cms,"Fields of work by foreign - funded NGOs outlined , proselytisation excluded",20260624T020000Z,"https://static.toiimg.com/thumb/msid-131952497,width-1280,height-720,resizemode-6,overlay-toi_sw,pt-32,y_pad-600/photo.jpg",timesofindia.indiatimes.com,English,India
https://www.oneindia.com/india/kerala-hc-sets-aside-denial-of-fcra-renewal-of-2-ngos-for-funding-vizhinjam-protests-8173797.html,,Kerala HC Sets Aside Denial of FCRA Renewal of 2 NGOs For  Funding  Vizhinjam Protests,20260812T063000Z,https://imagesvs.oneindia.com/img/2026/08/kerala-high-court-01-62131786509057.jpg,oneindia.com,English,India
https://timesofindia.indiatimes.com/india/can-the-government-take-control-of-foreign-funded-assets-fcra-bill-explained/articleshow/132639197.cms,,Can the government take control of foreign - funded assets ? FCRA Bill explained,20260726T104500Z,"https://static.toiimg.com/thumb/msid-132639506,width-1280,height-720,resizemode-6,overlay-toi_sw,pt-32,y_pad-600/photo.jpg",timesofindia.indiatimes.com,English,India
https://morungexpress.com/npf-endorses-rios-stance-on-proposed-fcra-amendments,,NPF endorses Rio stance on proposed FCRA amendments | MorungExpress,20260811T203000Z,https://morungexpress.com/uploads/2026/08/23483687_1786467108_NPF.png,morungexpress.com,English,India
https://www.hindustantimes.com/india-news/ed-raids-jaipur-based-pastor-over-us-funds-allegedly-used-for-proselytisation-101787395322871.html,https://www.hindustantimes.com/india-news/ed-raids-jaipur-based-pastor-over-us-funds-allegedly-used-for-proselytisation-101787395322871-amp.html,ED raids Jaipur - based pastor over US funds allegedly used for proselytisation,20260822T111500Z,,hindustantimes.com,English,India
https://pragativadi.com/mea-rejects-us-lawmakers-criticism-of-fcra-amendments-calls-it-indias-internal-matter/,,"MEA Rejects US Lawmaker Criticism of FCRA Amendments , Calls It India Internal Matter",20260807T154500Z,https://pragativadi.com/wp-content/uploads/2026/08/MEA.png,pragativadi.com,English,India
https://www.livelaw.in/high-court/kerala-high-court/kerala-high-court-fcra-renewal-rejectionvizhinjam-protests-funding-545510,https://www.livelaw.in/amp/high-court/kerala-high-court/kerala-high-court-fcra-renewal-rejectionvizhinjam-protests-funding-545510,NGO Funding Peaceful Protests Cant Be Ground To Deny Its FCRA Renewal : Kerala High Court,20260812T141500Z,https://www.livelaw.in/h-upload/2022/12/02/447259-vizhinjam11775107.jpg,livelaw.in,English,India
https://www.hindustantimes.com/india-news/proselytisation-excluded-from-faith-based-activities-as-govt-amends-fcra-rules-101782187411938.html,https://www.hindustantimes.com/india-news/proselytisation-excluded-from-faith-based-activities-as-govt-amends-fcra-rules-101782187411938-amp.html,Proselytisation excluded from faith - based activities as govt amends FCRA rules,20260623T083000Z,https://www.hindustantimes.com/ht-img/img/2026/06/23/550x309/The-Union-home-ministry-notified-the-new-rules-lat_1782187402273.png,hindustantimes.com,English,India
https://www.deccanchronicle.com/nation/mizoram-bjp-accuses-church-leaders-of-spreading-fcra-bill-misinformation-1979208,https://www.deccanchronicle.com/amp/nation/mizoram-bjp-accuses-church-leaders-of-spreading-fcra-bill-misinformation-1979208,Mizoram BJP Accuses Church Leaders Of Spreading FCRA Bill Misinformation,20260814T160000Z,https://www.deccanchronicle.com/h-upload/2026/08/14/2076239-images-51.jpg,deccanchronicle.com,English,India
https://www.businesstoday.in/latest/corporate/story/fcra-rules-ngos-amended-centre-raises-penalties-disclosure-norms-538799-2026-06-23,https://www.businesstoday.in/amp/latest/corporate/story/fcra-rules-ngos-amended-centre-raises-penalties-disclosure-norms-538799-2026-06-23,"Government tightens FCRA rules , revises penalties for violations by NGOs",20260623T151500Z,https://akm-img-a-in.tosshub.com/businesstoday/images/story/202606/6a3a9a9a6f2a4-ngos-will-now-be-required-to-provide-details-of-their-social-media-accounts-while-applying-for-regis-233916858-16x9.jpg,businesstoday.in,English,India
https://www.thehindubusinessline.com/news/centre-tightens-fcra-rules-for-ngos-receiving-foreign-funds/article71135977.ece,https://www.thehindubusinessline.com/news/centre-tightens-fcra-rules-for-ngos-receiving-foreign-funds/article71135977.ece/amp/,Centre tightens FCRA rules for NGOs receiving foreign funds,20260623T033000Z,https://bl-i.thgim.com/public/incoming/likloc/article71135983.ece/alternates/LANDSCAPE_1200/PO08_Rupee_sack.jpg,thehindubusinessline.com,English,India
https://www.businesstoday.in/india/story/fcra-rules-2026-tighten-foreign-fund-compliance-10-changes-ngos-must-know-550622-2026-08-21,https://www.businesstoday.in/amp/india/story/fcra-rules-2026-tighten-foreign-fund-compliance-10-changes-ngos-must-know-550622-2026-08-21,FCRA rules 2026 tighten foreign fund compliance : 10 changes NGOs must know,20260821T134500Z,https://akm-img-a-in.tosshub.com/businesstoday/images/story/202608/6a88332bf302e-the-new-rules-impose-restrictions-on-associations-with-foreign-national-key-functionaries-seeking-fc-211446545-16x9.jpg,businesstoday.in,English,India
https://www.rediff.com/news/report/centre-tightens-fcra-rules-for-ngos-receiving-foreign-funds/20260623.htm,https://m.rediff.com/amp/news/report/centre-tightens-fcra-rules-for-ngos-receiving-foreign-funds/20260623.htm,Centre tightens FCRA rules for NGOs receiving foreign funds,20260623T083000Z,https://im.rediff.com/1200-630/news/2026/jun/23ngos.jpg,rediff.com,English,India
https://www.thehindu.com/news/national/kerala/cpim-opposes-kerala-udf-govts-clean-chit-to-chief-minister-vd-satheesan-in-punarjani-foreign-fund-case/article71285066.ece,https://www.thehindu.com/news/national/kerala/cpim-opposes-kerala-udf-govts-clean-chit-to-chief-minister-vd-satheesan-in-punarjani-foreign-fund-case/article71285066.ece/amp/,CPI ( M ) opposes Kerala UDF govt clean chit to Chief Minister V . D . Satheesan in Punarjani foreign fund case,20260730T100000Z,https://th-i.thgim.com/public/incoming/3e0e9t/article71285176.ece/alternates/LANDSCAPE_1200/80968_27_7_2026_20_23_37_2_IMG_8152.JPEG,thehindu.com,English,India
https://www.hindustantimes.com/india-news/fcra-bill-aims-to-bolster-oversight-not-target-any-religion-centre-101784485934518.html,https://www.hindustantimes.com/india-news/fcra-bill-aims-to-bolster-oversight-not-target-any-religion-centre-101784485934518-amp.html,"FCRA bill aims to bolster oversight , not target any religion : Centre",20260720T043000Z,https://www.hindustantimes.com/ht-img/img/2024/12/18/550x309/India_2_1734523561438_1734523594722.jpg,hindustantimes.com,English,India
https://www.rediff.com/news/report/indian-envoy-defends-fcra-bill-after-us-lawmaker-flags-concerns/20260810.htm,https://m.rediff.com/amp/news/report/indian-envoy-defends-fcra-bill-after-us-lawmaker-flags-concerns/20260810.htm,Indian envoy defends FCRA bill after US lawmaker flags concerns,20260810T083000Z,https://im.rediff.com/1200-630/news/2026/aug/10vinay-kwatra.jpg,rediff.com,English,India
https://dailypioneer.com/news/nagaland-cm-urges-shah-to-reconsider-fcra-amendments-seeks-parliamentary-panel-review,,"Nagaland CM urges Shah to reconsider FCRA amendments , seeks parliamentary panel review",20260811T080000Z,https://dailypioneer.com/uploads/2026/story/images/big/nagaland-cm-urges-shah-to-reconsider-fcra-amendments--seeks-parliamentary-panel-review-2026-08-11.jpg,dailypioneer.com,English,India
https://www.moneycontrol.com/news/india/why-kerala-hc-restored-fcra-licences-of-2-ngos-questioned-centres-reliance-on-ib-reports-wholly-perverse-orders-14004937.html,https://www.moneycontrol.com/news/india/why-kerala-hc-restored-fcra-licences-of-2-ngos-questioned-centres-reliance-on-ib-reports-wholly-perverse-orders-14004937.html/amp,"Why Kerala HC restored FCRA licences of 2 NGOs , questioned Centre reliance on IB reports :  Wholly perverse  orders",20260813T154500Z,https://images.moneycontrol.com/static-mcnews/2026/07/20260730074518_law-judge-rep.jpg,moneycontrol.com,English,India
https://www.chennaionline.com/news/nagaland-cm-asks-for-fcra-review/,https://www.chennaionline.com/news/nagaland-cm-asks-for-fcra-review/amp/,Nagaland CM Asks for FCRA Review – Chennaionline,20260812T040000Z,,chennaionline.com,English,India
https://www.thehindubusinessline.com/news/fcra-rules-2026-centre-restricts-foreigners-in-key-ngo-roles-mandates-strict-fund-tracking-to-prevent-misuse/article71137945.ece,https://www.thehindubusinessline.com/news/fcra-rules-2026-centre-restricts-foreigners-in-key-ngo-roles-mandates-strict-fund-tracking-to-prevent-misuse/article71137945.ece/amp/,"FCRA Rules 2026 : Centre restricts foreigners in key NGO roles , mandates strict fund tracking to prevent misuse",20260623T174500Z,https://bl-i.thgim.com/public/incoming/2z030n/article71138506.ece/alternates/LANDSCAPE_1200/119526238.jpg,thehindubusinessline.com,English,India
https://www.hindustantimes.com/india-news/new-fcra-rules-government-union-home-ministry-restricts-foreign-nationals-as-ngo-functionaries-101782262215658.html,https://www.hindustantimes.com/india-news/new-fcra-rules-government-union-home-ministry-restricts-foreign-nationals-as-ngo-functionaries-101782262215658-amp.html,"Govt notifies new FCRA rules , restricts foreign nationals as NGO functionaries",20260624T051500Z,https://www.hindustantimes.com/ht-img/img/2026/06/24/550x309/fcra_1782262510352_1782262510530_ce37f725-579a-4e22-b740-2a6d7aa27deb.png,hindustantimes.com,English,India
https://economictimes.indiatimes.com/markets/stocks/news/fcra-2026-three-regulatory-changes-reshaping-foreign-funding-in-india/articleshow/132981094.cms,https://m.economictimes.com/markets/stocks/news/fcra-2026-three-regulatory-changes-reshaping-foreign-funding-in-india/amp_articleshow/132981094.cms,FCRA 2026 : Three regulatory changes reshaping foreign funding in India,20260806T063000Z,"https://img.etimg.com/thumb/msid-132981094,width-1200,height-630,imgsize-30936,overlay-etmarkets/articleshow.jpg",economictimes.indiatimes.com,English,India
https://theshillongtimes.com/2026/06/24/fcra-centre-tightens-rules-for-ngos/,,FCRA : Centre tightens rules for NGOs | The Shillong Times,20260624T014500Z,,theshillongtimes.com,English,India
https://www.livemint.com/news/india/even-the-us-regulates-foreign-funding-india-hits-back-at-republic-lawmakers-remarks-our-parliament-decides-11786105811588.html,https://www.livemint.com/news/india/even-the-us-regulates-foreign-funding-india-hits-back-at-republic-lawmakers-remarks-our-parliament-decides/amp-11786105811588.html,  Even the U regulates foreign funding : India hits back at Republic lawmaker remarks –  Our Parliament decides  ,20260807T143000Z,https://www.livemint.com/lm-img/img/2026/08/07/600x338/ANI-20260807352-0_1786107035105_1786107115664_2d23fdca-b5ed-465b-ab64-d7dc8cbf5c17.jpg,livemint.com,English,India
